,CustomerID,Gender,Location,Tenure_Months,Transaction_ID,Transaction_Date,Product_SKU,Product_Description,Product_Category,Quantity,Avg_Price,Delivery_Charges,Coupon_Status,GST,Date,Offline_Spend,Online_Spend,Month,Coupon_Code,Discount_pct
0,17850,M,Chicago,12,16679,1/01/2019,GGOENEBJ079499,Nest Learning Thermostat 3rd Gen-USA - Stainless Steel,Nest-USA,1,153.71,6.5,Used,0.1,1/01/2019,4500,2424.5,1,ELEC10,10
1,17850,M,Chicago,12,16680,1/01/2019,GGOENEBJ079499,Nest Learning Thermostat 3rd Gen-USA - Stainless Steel,Nest-USA,1,153.71,6.5,Used,0.1,1/01/2019,4500,2424.5,1,ELEC10,10
2,17850,M,Chicago,12,16696,1/01/2019,GGOENEBQ078999,Nest Cam Outdoor Security Camera - USA,Nest-USA,2,122.77,6.5,Not Used,0.1,1/01/2019,4500,2424.5,1,ELEC10,10
3,17850,M,Chicago,12,16699,1/01/2019,GGOENEBQ079099,Nest Protect Smoke + CO White Battery Alarm-USA,Nest-USA,1,81.5,6.5,Clicked,0.1,1/01/2019,4500,2424.5,1,ELEC10,10
4,17850,M,Chicago,12,16700,1/01/2019,GGOENEBJ079499,Nest Learning Thermostat 3rd Gen-USA - Stainless Steel,Nest-USA,1,153.71,6.5,Clicked,0.1,1/01/2019,4500,2424.5,1,ELEC10,10
5,17850,M,Chicago,12,16701,1/01/2019,GGOENEBJ079499,Nest Learning Thermostat 3rd Gen-USA - Stainless Steel,Nest-USA,1,153.71,6.5,Clicked,0.1,1/01/2019,4500,2424.5,1,ELEC10,10
6,17850,M,Chicago,12,16702,1/01/2019,GGOENEBJ079499,Nest Learning Thermostat 3rd Gen-USA - Stainless Steel,Nest-USA,2,153.71,6.5,Clicked,0.1,1/01/2019,4500,2424.5,1,ELEC10,10
7,17850,M,Chicago,12,16703,1/01/2019,GGOENEBQ079099,Nest Protect Smoke + CO White Battery Alarm-USA,Nest-USA,2,81.5,6.5,Not Used,0.1,1/01/2019,4500,2424.5,1,ELEC10,10
8,17850,M,Chicago,12,16704,1/01/2019,GGOENEBJ079499,Nest Learning Thermostat 3rd Gen-USA - Stainless Steel,Nest-USA,1,256.88,6.5,Used,0.1,1/01/2019,4500,2424.5,1,ELEC10,10
9,17850,M,Chicago,12,16710,1/01/2019,GGOENEBJ079499,Nest Learning Thermostat 3rd Gen-USA - Stainless Steel,Nest-USA,1,153.71,28.78,Clicked,0.1,1/01/2019,4500,2424.5,1,ELEC10,10
10,17850,M,Chicago,12,16713,1/01/2019,GGOENEBQ078999,Nest Cam Outdoor Security Camera - USA,Nest-USA,1,122.77,6.5,Used,0.1,1/01/2019,4500,2424.5,1,ELEC10,10
11,17850,M,Chicago,12,16719,1/01/2019,GGOENEBJ079499,Nest Learning Thermostat 3rd Gen-USA - Stainless Steel,Nest-USA,1,153.71,6.5,Not Used,0.1,1/01/2019,4500,2424.5,1,ELEC10,10
12,17850,M,Chicago,12,16720,1/01/2019,GGOENEBJ079499,Nest Learning Thermostat 3rd Gen-USA - Stainless Steel,Nest-USA,1,153.71,6.5,Used,0.1,1/01/2019,4500,2424.5,1,ELEC10,10
13,17850,M,Chicago,12,16720,1/01/2019,GGOENEBQ078999,Nest Cam Outdoor Security Camera - USA,Nest-USA,1,122.77,6.5,Clicked,0.1,1/01/2019,4500,2424.5,1,ELEC10,10
14,17850,M,Chicago,12,16721,1/01/2019,GGOENEBJ079499,Nest Learning Thermostat 3rd Gen-USA - Stainless Steel,Nest-USA,1,153.71,6.5,Clicked,0.1,1/01/2019,4500,2424.5,1,ELEC10,10
15,17850,M,Chicago,12,16722,1/01/2019,GGOENEBJ079499,Nest Learning Thermostat 3rd Gen-USA - Stainless Steel,Nest-USA,1,153.71,6.5,Used,0.1,1/01/2019,4500,2424.5,1,ELEC10,10
16,17850,M,Chicago,12,16722,1/01/2019,GGOENEBQ078999,Nest Cam Outdoor Security Camera - USA,Nest-USA,2,122.77,6.5,Used,0.1,1/01/2019,4500,2424.5,1,ELEC10,10
17,17850,M,Chicago,12,16723,1/01/2019,GGOENEBB078899,Nest Cam Indoor Security Camera - USA,Nest-USA,1,122.77,6.5,Used,0.1,1/01/2019,4500,2424.5,1,ELEC10,10
18,17850,M,Chicago,12,16723,1/01/2019,GGOENEBQ078999,Nest Cam Outdoor Security Camera - USA,Nest-USA,1,122.77,6.5,Not Used,0.1,1/01/2019,4500,2424.5,1,ELEC10,10
19,17850,M,Chicago,12,16724,1/01/2019,GGOENEBB078899,Nest Cam Indoor Security Camera - USA,Nest-USA,1,122.77,6.5,Clicked,0.1,1/01/2019,4500,2424.5,1,ELEC10,10
20,17850,M,Chicago,12,16725,1/01/2019,GGOENEBB078899,Nest Cam Indoor Security Camera - USA,Nest-USA,1,122.77,6.5,Clicked,0.1,1/01/2019,4500,2424.5,1,ELEC10,10
21,17850,M,Chicago,12,16727,1/01/2019,GGOENEBB078899,Nest Cam Indoor Security Camera - USA,Nest-USA,1,122.77,6.5,Clicked,0.1,1/01/2019,4500,2424.5,1,ELEC10,10
22,17850,M,Chicago,12,16731,1/01/2019,GGOENEBQ078999,Nest Cam Outdoor Security Camera - USA,Nest-USA,2,122.77,6.5,Clicked,0.1,1/01/2019,4500,2424.5,1,ELEC10,10
23,13047,M,California,43,16684,1/01/2019,GGOENEBQ078999,Nest Cam Outdoor Security Camera - USA,Nest-USA,2,122.77,6.5,Clicked,0.1,1/01/2019,4500,2424.5,1,ELEC10,10
24,13047,M,California,43,16684,1/01/2019,GGOENEBQ079199,Nest Protect Smoke + CO White Wired Alarm-USA,Nest-USA,1,81.5,6.5,Used,0.1,1/01/2019,4500,2424.5,1,ELEC10,10
25,13047,M,California,43,16688,1/01/2019,GGOENEBB078899,Nest Cam Indoor Security Camera - USA,Nest-USA,1,122.77,6.5,Used,0.1,1/01/2019,4500,2424.5,1,ELEC10,10
26,13047,M,California,43,16689,1/01/2019,GGOENEBJ079499,Nest Learning Thermostat 3rd Gen-USA - Stainless Steel,Nest-USA,1,153.71,6.5,Used,0.1,1/01/2019,4500,2424.5,1,ELEC10,10
27,12583,M,Chicago,33,16694,1/01/2019,GGOENEBB078899,Nest Cam Indoor Security Camera - USA,Nest-USA,1,122.77,6.5,Not Used,0.1,1/01/2019,4500,2424.5,1,ELEC10,10
28,15100,M,California,49,16712,1/01/2019,GGOENEBJ079499,Nest Learning Thermostat 3rd Gen-USA - Stainless Steel,Nest-USA,1,153.71,6.5,Clicked,0.1,1/01/2019,4500,2424.5,1,ELEC10,10
29,14688,F,New York,46,16732,1/01/2019,GGOENEBJ079499,Nest Learning Thermostat 3rd Gen-USA - Stainless Steel,Nest-USA,1,153.71,6.5,Clicked,0.1,1/01/2019,4500,2424.5,1,ELEC10,10
30,14688,F,New York,46,16733,1/01/2019,GGOENEBB078899,Nest Cam Indoor Security Camera - USA,Nest-USA,1,122.77,6.5,Clicked,0.1,1/01/2019,4500,2424.5,1,ELEC10,10
31,14688,F,New York,46,16736,1/01/2019,GGOENEBJ079499,Nest Learning Thermostat 3rd Gen-USA - Stainless Steel,Nest-USA,1,153.71,6.5,Used,0.1,1/01/2019,4500,2424.5,1,ELEC10,10
32,17850,M,Chicago,12,16879,3/01/2019,GGOENEBJ079499,Nest Learning Thermostat 3rd Gen-USA - Stainless Steel,Nest-USA,1,153.71,6.5,Used,0.1,1/03/2019,4500,1576.38,1,ELEC10,10
33,17850,M,Chicago,12,16880,3/01/2019,GGOENEBQ078999,Nest Cam Outdoor Security Camera - USA,Nest-USA,2,122.77,6.5,Not Used,0.1,1/03/2019,4500,1576.38,1,ELEC10,10
34,17850,M,Chicago,12,16881,3/01/2019,GGOENEBJ079499,Nest Learning Thermostat 3rd Gen-USA - Stainless Steel,Nest-USA,1,153.71,6.5,Clicked,0.1,1/03/2019,4500,1576.38,1,ELEC10,10
35,17850,M,Chicago,12,16882,3/01/2019,GGOENEBJ079499,Nest Learning Thermostat 3rd Gen-USA - Stainless Steel,Nest-USA,1,153.71,6.5,Used,0.1,1/03/2019,4500,1576.38,1,ELEC10,10
36,17850,M,Chicago,12,16883,3/01/2019,GGOENEBJ079499,Nest Learning Thermostat 3rd Gen-USA - Stainless Steel,Nest-USA,1,153.71,6.5,Clicked,0.1,1/03/2019,4500,1576.38,1,ELEC10,10
37,17850,M,Chicago,12,16886,3/01/2019,GGOENEBQ078999,Nest Cam Outdoor Security Camera - USA,Nest-USA,1,122.77,6.5,Clicked,0.1,1/03/2019,4500,1576.38,1,ELEC10,10
38,12431,F,New Jersey,14,16819,3/01/2019,GGOENEBJ079499,Nest Learning Thermostat 3rd Gen-USA - Stainless Steel,Nest-USA,1,153.71,6.5,Clicked,0.1,1/03/2019,4500,1576.38,1,ELEC10,10
39,12431,F,New Jersey,14,16819,3/01/2019,GGOENEBQ079199,Nest Protect Smoke + CO White Wired Alarm-USA,Nest-USA,1,81.5,6.5,Clicked,0.1,1/03/2019,4500,1576.38,1,ELEC10,10
40,12431,F,New Jersey,14,16822,3/01/2019,GGOENEBQ079099,Nest Protect Smoke + CO White Battery Alarm-USA,Nest-USA,3,102.13,6.5,Clicked,0.1,1/03/2019,4500,1576.38,1,ELEC10,10
41,12431,F,New Jersey,14,16823,3/01/2019,GGOENEBJ079499,Nest Learning Thermostat 3rd Gen-USA - Stainless Steel,Nest-USA,4,153.71,6.5,Clicked,0.1,1/03/2019,4500,1576.38,1,ELEC10,10
42,12431,F,New Jersey,14,16825,3/01/2019,GGOENEBB078899,Nest Cam Indoor Security Camera - USA,Nest-USA,1,122.77,6.5,Clicked,0.1,1/03/2019,4500,1576.38,1,ELEC10,10
43,17511,F,Chicago,25,16826,3/01/2019,GGOENEBJ079499,Nest Learning Thermostat 3rd Gen-USA - Stainless Steel,Nest-USA,1,153.71,6.5,Used,0.1,1/03/2019,4500,1576.38,1,ELEC10,10
44,17511,F,Chicago,25,16830,3/01/2019,GGOENEBJ079499,Nest Learning Thermostat 3rd Gen-USA - Stainless Steel,Nest-USA,1,153.71,6.5,Used,0.1,1/03/2019,4500,1576.38,1,ELEC10,10
45,17511,F,Chicago,25,16833,3/01/2019,GGOENEBJ079499,Nest Learning Thermostat 3rd Gen-USA - Stainless Steel,Nest-USA,1,153.71,6.5,Not Used,0.1,1/03/2019,4500,1576.38,1,ELEC10,10
46,17511,F,Chicago,25,16835,3/01/2019,GGOENEBQ078999,Nest Cam Outdoor Security Camera - USA,Nest-USA,1,122.77,6.5,Clicked,0.1,1/03/2019,4500,1576.38,1,ELEC10,10
47,17511,F,Chicago,25,16836,3/01/2019,GGOENEBJ079499,Nest Learning Thermostat 3rd Gen-USA - Stainless Steel,Nest-USA,2,153.71,6.5,Used,0.1,1/03/2019,4500,1576.38,1,ELEC10,10
48,17511,F,Chicago,25,16836,3/01/2019,GGOENEBQ079199,Nest Protect Smoke + CO White Wired Alarm-USA,Nest-USA,2,81.5,6.5,Clicked,0.1,1/03/2019,4500,1576.38,1,ELEC10,10
49,17511,F,Chicago,25,16837,3/01/2019,GGOENEBQ078999,Nest Cam Outdoor Security Camera - USA,Nest-USA,1,122.77,6.5,Used,0.1,1/03/2019,4500,1576.38,1,ELEC10,10
50,17511,F,Chicago,25,16842,3/01/2019,GGOENEBJ079499,Nest Learning Thermostat 3rd Gen-USA - Stainless Steel,Nest-USA,2,153.71,6.5,Clicked,0.1,1/03/2019,4500,1576.38,1,ELEC10,10
51,17548,M,Chicago,50,16844,3/01/2019,GGOENEBQ078999,Nest Cam Outdoor Security Camera - USA,Nest-USA,1,122.77,6.5,Clicked,0.1,1/03/2019,4500,1576.38,1,ELEC10,10
52,17548,M,Chicago,50,16846,3/01/2019,GGOENEBJ079499,Nest Learning Thermostat 3rd Gen-USA - Stainless Steel,Nest-USA,2,153.71,6.5,Used,0.1,1/03/2019,4500,1576.38,1,ELEC10,10
53,17548,M,Chicago,50,16847,3/01/2019,GGOENEBB078899,Nest Cam Indoor Security Camera - USA,Nest-USA,1,122.77,6.5,Not Used,0.1,1/03/2019,4500,1576.38,1,ELEC10,10
54,13705,F,Chicago,39,16849,3/01/2019,GGOENEBQ078999,Nest Cam Outdoor Security Camera - USA,Nest-USA,1,122.77,6.5,Clicked,0.1,1/03/2019,4500,1576.38,1,ELEC10,10
55,13705,F,Chicago,39,16851,3/01/2019,GGOENEBJ079499,Nest Learning Thermostat 3rd Gen-USA - Stainless Steel,Nest-USA,2,153.71,6.5,Used,0.1,1/03/2019,4500,1576.38,1,ELEC10,10
56,13705,F,Chicago,39,16853,3/01/2019,GGOENEBB078899,Nest Cam Indoor Security Camera - USA,Nest-USA,1,122.77,6.5,Used,0.1,1/03/2019,4500,1576.38,1,ELEC10,10
57,13705,F,Chicago,39,16854,3/01/2019,GGOENEBJ079499,Nest Learning Thermostat 3rd Gen-USA - Stainless Steel,Nest-USA,4,153.71,6.5,Clicked,0.1,1/03/2019,4500,1576.38,1,ELEC10,10
58,13705,F,Chicago,39,16856,3/01/2019,GGOENEBQ079099,Nest Protect Smoke + CO White Battery Alarm-USA,Nest-USA,1,81.5,6.5,Not Used,0.1,1/03/2019,4500,1576.38,1,ELEC10,10
59,13747,F,Chicago,21,16857,3/01/2019,GGOENEBJ079499,Nest Learning Thermostat 3rd Gen-USA - Stainless Steel,Nest-USA,1,153.71,6.5,Clicked,0.1,1/03/2019,4500,1576.38,1,ELEC10,10
60,13408,M,Chicago,30,16859,3/01/2019,GGOENEBJ079499,Nest Learning Thermostat 3rd Gen-USA - Stainless Steel,Nest-USA,1,153.71,6.5,Clicked,0.1,1/03/2019,4500,1576.38,1,ELEC10,10
61,13408,M,Chicago,30,16861,3/01/2019,GGOENEBQ078999,Nest Cam Outdoor Security Camera - USA,Nest-USA,1,122.77,6.5,Used,0.1,1/03/2019,4500,1576.38,1,ELEC10,10
62,13408,M,Chicago,30,16863,3/01/2019,GGOENEBJ079499,Nest Learning Thermostat 3rd Gen-USA - Stainless Steel,Nest-USA,1,153.71,6.5,Used,0.1,1/03/2019,4500,1576.38,1,ELEC10,10
63,13408,M,Chicago,30,16865,3/01/2019,GGOENEBQ079199,Nest Protect Smoke + CO White Wired Alarm-USA,Nest-USA,1,81.5,35.96,Used,0.1,1/03/2019,4500,1576.38,1,ELEC10,10
64,13767,F,Chicago,29,16869,3/01/2019,GGOENEBJ079499,Nest Learning Thermostat 3rd Gen-USA - Stainless Steel,Nest-USA,1,153.71,6.5,Used,0.1,1/03/2019,4500,1576.38,1,ELEC10,10
65,13767,F,Chicago,29,16869,3/01/2019,GGOENEBQ079099,Nest Protect Smoke + CO White Battery Alarm-USA,Nest-USA,2,81.5,6.5,Used,0.1,1/03/2019,4500,1576.38,1,ELEC10,10
66,13767,F,Chicago,29,16870,3/01/2019,GGOENEBJ079499,Nest Learning Thermostat 3rd Gen-USA - Stainless Steel,Nest-USA,1,153.71,6.5,Used,0.1,1/03/2019,4500,1576.38,1,ELEC10,10
67,13767,F,Chicago,29,16871,3/01/2019,GGOENEBJ079499,Nest Learning Thermostat 3rd Gen-USA - Stainless Steel,Nest-USA,1,153.71,6.5,Clicked,0.1,1/03/2019,4500,1576.38,1,ELEC10,10
68,13767,F,Chicago,29,16872,3/01/2019,GGOENEBJ079499,Nest Learning Thermostat 3rd Gen-USA - Stainless Steel,Nest-USA,1,153.71,6.5,Not Used,0.1,1/03/2019,4500,1576.38,1,ELEC10,10
69,13767,F,Chicago,29,16874,3/01/2019,GGOENEBB078899,Nest Cam Indoor Security Camera - USA,Nest-USA,2,122.77,6.5,Clicked,0.1,1/03/2019,4500,1576.38,1,ELEC10,10
70,13767,F,Chicago,29,16875,3/01/2019,GGOENEBJ079499,Nest Learning Thermostat 3rd Gen-USA - Stainless Steel,Nest-USA,1,153.71,6.5,Clicked,0.1,1/03/2019,4500,1576.38,1,ELEC10,10
71,13767,F,Chicago,29,16876,3/01/2019,GGOENEBJ079499,Nest Learning Thermostat 3rd Gen-USA - Stainless Steel,Nest-USA,1,153.71,6.5,Used,0.1,1/03/2019,4500,1576.38,1,ELEC10,10
72,17924,M,New Jersey,26,16888,3/01/2019,GGOENEBJ079499,Nest Learning Thermostat 3rd Gen-USA - Stainless Steel,Nest-USA,1,153.71,28.78,Clicked,0.1,1/03/2019,4500,1576.38,1,ELEC10,10
73,13448,F,California,41,16890,3/01/2019,GGOENEBQ078999,Nest Cam Outdoor Security Camera - USA,Nest-USA,1,122.77,6.5,Clicked,0.1,1/03/2019,4500,1576.38,1,ELEC10,10
74,13448,F,California,41,16896,3/01/2019,GGOENEBQ078999,Nest Cam Outdoor Security Camera - USA,Nest-USA,2,122.77,6.5,Clicked,0.1,1/03/2019,4500,1576.38,1,ELEC10,10
75,13448,F,California,41,16897,3/01/2019,GGOENEBJ079499,Nest Learning Thermostat 3rd Gen-USA - Stainless Steel,Nest-USA,1,153.71,6.5,Clicked,0.1,1/03/2019,4500,1576.38,1,ELEC10,10
76,15862,F,California,24,16907,3/01/2019,GGOENEBJ079499,Nest Learning Thermostat 3rd Gen-USA - Stainless Steel,Nest-USA,1,153.71,6.5,Used,0.1,1/03/2019,4500,1576.38,1,ELEC10,10
77,15862,F,California,24,16910,3/01/2019,GGOENEBQ078999,Nest Cam Outdoor Security Camera - USA,Nest-USA,1,122.77,6.5,Not Used,0.1,1/03/2019,4500,1576.38,1,ELEC10,10
78,15862,F,California,24,16912,3/01/2019,GGOENEBQ079099,Nest Protect Smoke + CO White Battery Alarm-USA,Nest-USA,5,81.5,6.5,Used,0.1,1/03/2019,4500,1576.38,1,ELEC10,10
79,15862,F,California,24,16914,3/01/2019,GGOENEBB078899,Nest Cam Indoor Security Camera - USA,Nest-USA,1,122.77,6.5,Used,0.1,1/03/2019,4500,1576.38,1,ELEC10,10
80,15862,F,California,24,16915,3/01/2019,GGOENEBB078899,Nest Cam Indoor Security Camera - USA,Nest-USA,1,122.77,6.5,Not Used,0.1,1/03/2019,4500,1576.38,1,ELEC10,10
81,15862,F,California,24,16916,3/01/2019,GGOENEBQ079099,Nest Protect Smoke + CO White Battery Alarm-USA,Nest-USA,2,81.5,6.5,Clicked,0.1,1/03/2019,4500,1576.38,1,ELEC10,10
82,15862,F,California,24,16917,3/01/2019,GGOENEBJ079499,Nest Learning Thermostat 3rd Gen-USA - Stainless Steel,Nest-USA,1,153.71,6.5,Clicked,0.1,1/03/2019,4500,1576.38,1,ELEC10,10
83,15862,F,California,24,16918,3/01/2019,GGOENEBB078899,Nest Cam Indoor Security Camera - USA,Nest-USA,1,122.77,6.5,Clicked,0.1,1/03/2019,4500,1576.38,1,ELEC10,10
84,15862,F,California,24,16918,3/01/2019,GGOENEBJ079499,Nest Learning Thermostat 3rd Gen-USA - Stainless Steel,Nest-USA,1,153.71,6.5,Clicked,0.1,1/03/2019,4500,1576.38,1,ELEC10,10
85,15862,F,California,24,16919,3/01/2019,GGOENEBJ079499,Nest Learning Thermostat 3rd Gen-USA - Stainless Steel,Nest-USA,1,153.71,6.5,Clicked,0.1,1/03/2019,4500,1576.38,1,ELEC10,10
86,15862,F,California,24,16920,3/01/2019,GGOENEBQ079099,Nest Protect Smoke + CO White Battery Alarm-USA,Nest-USA,2,81.5,6.5,Used,0.1,1/03/2019,4500,1576.38,1,ELEC10,10
87,15862,F,California,24,16920,3/01/2019,GGOENEBQ079199,Nest Protect Smoke + CO White Wired Alarm-USA,Nest-USA,1,81.5,6.5,Used,0.1,1/03/2019,4500,1576.38,1,ELEC10,10
88,15862,F,California,24,16923,3/01/2019,GGOENEBJ079499,Nest Learning Thermostat 3rd Gen-USA - Stainless Steel,Nest-USA,1,153.71,6.5,Used,0.1,1/03/2019,4500,1576.38,1,ELEC10,10
89,15862,F,California,24,16924,3/01/2019,GGOENEBJ079499,Nest Learning Thermostat 3rd Gen-USA - Stainless Steel,Nest-USA,1,153.71,6.5,Used,0.1,1/03/2019,4500,1576.38,1,ELEC10,10
90,15862,F,California,24,16925,3/01/2019,GGOENEBJ079499,Nest Learning Thermostat 3rd Gen-USA - Stainless Steel,Nest-USA,1,153.71,6.5,Clicked,0.1,1/03/2019,4500,1576.38,1,ELEC10,10
91,15862,F,California,24,16926,3/01/2019,GGOENEBB078899,Nest Cam Indoor Security Camera - USA,Nest-USA,2,122.77,6.5,Clicked,0.1,1/03/2019,4500,1576.38,1,ELEC10,10
92,15862,F,California,24,16926,3/01/2019,GGOENEBQ078999,Nest Cam Outdoor Security Camera - USA,Nest-USA,2,122.77,6.5,Clicked,0.1,1/03/2019,4500,1576.38,1,ELEC10,10
93,15862,F,California,24,16928,3/01/2019,GGOENEBJ079499,Nest Learning Thermostat 3rd Gen-USA - Stainless Steel,Nest-USA,2,153.71,6.5,Clicked,0.1,1/03/2019,4500,1576.38,1,ELEC10,10
94,15862,F,California,24,16929,3/01/2019,GGOENEBQ078999,Nest Cam Outdoor Security Camera - USA,Nest-USA,2,122.77,6.5,Clicked,0.1,1/03/2019,4500,1576.38,1,ELEC10,10
95,15862,F,California,24,16930,3/01/2019,GGOENEBQ078999,Nest Cam Outdoor Security Camera - USA,Nest-USA,1,122.77,6.5,Clicked,0.1,1/03/2019,4500,1576.38,1,ELEC10,10
96,15862,F,California,24,16931,3/01/2019,GGOENEBJ079499,Nest Learning Thermostat 3rd Gen-USA - Stainless Steel,Nest-USA,1,153.71,6.5,Clicked,0.1,1/03/2019,4500,1576.38,1,ELEC10,10
97,15862,F,California,24,16932,3/01/2019,GGOENEBB078899,Nest Cam Indoor Security Camera - USA,Nest-USA,1,122.77,6.5,Clicked,0.1,1/03/2019,4500,1576.38,1,ELEC10,10
98,15862,F,California,24,16934,3/01/2019,GGOENEBB078899,Nest Cam Indoor Security Camera - USA,Nest-USA,1,122.77,6.5,Clicked,0.1,1/03/2019,4500,1576.38,1,ELEC10,10
99,15862,F,California,24,16935,3/01/2019,GGOENEBB078899,Nest Cam Indoor Security Camera - USA,Nest-USA,1,122.77,6.5,Clicked,0.1,1/03/2019,4500,1576.38,1,ELEC10,10
100,15862,F,California,24,16938,3/01/2019,GGOENEBQ079199,Nest Protect Smoke + CO White Wired Alarm-USA,Nest-USA,1,81.5,6.5,Not Used,0.1,1/03/2019,4500,1576.38,1,ELEC10,10
101,15862,F,California,24,16939,3/01/2019,GGOENEBQ078999,Nest Cam Outdoor Security Camera - USA,Nest-USA,2,122.77,6.5,Clicked,0.1,1/03/2019,4500,1576.38,1,ELEC10,10
102,15862,F,California,24,16939,3/01/2019,GGOENEBQ079099,Nest Protect Smoke + CO White Battery Alarm-USA,Nest-USA,1,81.5,6.5,Used,0.1,1/03/2019,4500,1576.38,1,ELEC10,10
103,15862,F,California,24,16942,3/01/2019,GGOENEBJ079499,Nest Learning Thermostat 3rd Gen-USA - Stainless Steel,Nest-USA,1,153.71,6.5,Clicked,0.1,1/03/2019,4500,1576.38,1,ELEC10,10
104,15862,F,California,24,16943,3/01/2019,GGOENEBJ079499,Nest Learning Thermostat 3rd Gen-USA - Stainless Steel,Nest-USA,1,153.71,6.5,Clicked,0.1,1/03/2019,4500,1576.38,1,ELEC10,10
105,15862,F,California,24,16946,3/01/2019,GGOENEBB078899,Nest Cam Indoor Security Camera - USA,Nest-USA,1,122.77,6.5,Not Used,0.1,1/03/2019,4500,1576.38,1,ELEC10,10
106,15862,F,California,24,16947,3/01/2019,GGOENEBJ079499,Nest Learning Thermostat 3rd Gen-USA - Stainless Steel,Nest-USA,1,153.71,6.5,Clicked,0.1,1/03/2019,4500,1576.38,1,ELEC10,10
107,15862,F,California,24,16948,3/01/2019,GGOENEBJ079499,Nest Learning Thermostat 3rd Gen-USA - Stainless Steel,Nest-USA,1,153.71,6.5,Clicked,0.1,1/03/2019,4500,1576.38,1,ELEC10,10
108,15862,F,California,24,16949,3/01/2019,GGOENEBQ079099,Nest Protect Smoke + CO White Battery Alarm-USA,Nest-USA,2,81.5,6.5,Used,0.1,1/03/2019,4500,1576.38,1,ELEC10,10
109,15862,F,California,24,16949,3/01/2019,GGOENEBQ079199,Nest Protect Smoke + CO White Wired Alarm-USA,Nest-USA,1,81.5,6.5,Used,0.1,1/03/2019,4500,1576.38,1,ELEC10,10
110,15862,F,California,24,16950,3/01/2019,GGOENEBJ079499,Nest Learning Thermostat 3rd Gen-USA - Stainless Steel,Nest-USA,1,153.71,6.5,Used,0.1,1/03/2019,4500,1576.38,1,ELEC10,10
111,15862,F,California,24,16951,3/01/2019,GGOENEBQ079199,Nest Protect Smoke + CO White Wired Alarm-USA,Nest-USA,1,81.5,6.5,Used,0.1,1/03/2019,4500,1576.38,1,ELEC10,10
112,15513,F,Chicago,21,16952,3/01/2019,GGOENEBQ078999,Nest Cam Outdoor Security Camera - USA,Nest-USA,1,122.77,6.5,Used,0.1,1/03/2019,4500,1576.38,1,ELEC10,10
113,15513,F,Chicago,21,16953,3/01/2019,GGOENEBJ079499,Nest Learning Thermostat 3rd Gen-USA - Stainless Steel,Nest-USA,4,153.71,6.5,Clicked,0.1,1/03/2019,4500,1576.38,1,ELEC10,10
114,15513,F,Chicago,21,16955,3/01/2019,GGOENEBQ079099,Nest Protect Smoke + CO White Battery Alarm-USA,Nest-USA,5,81.5,6.5,Not Used,0.1,1/03/2019,4500,1576.38,1,ELEC10,10
115,12791,F,Washington DC,26,16957,3/01/2019,GGOENEBB078899,Nest Cam Indoor Security Camera - USA,Nest-USA,1,122.77,6.5,Used,0.1,1/03/2019,4500,1576.38,1,ELEC10,10
116,16218,M,Chicago,40,16958,3/01/2019,GGOENEBJ079499,Nest Learning Thermostat 3rd Gen-USA - Stainless Steel,Nest-USA,1,153.71,6.5,Used,0.1,1/03/2019,4500,1576.38,1,ELEC10,10
117,16218,M,Chicago,40,16959,3/01/2019,GGOENEBB078899,Nest Cam Indoor Security Camera - USA,Nest-USA,2,122.77,6.5,Used,0.1,1/03/2019,4500,1576.38,1,ELEC10,10
118,16218,M,Chicago,40,16959,3/01/2019,GGOENEBQ078999,Nest Cam Outdoor Security Camera - USA,Nest-USA,1,122.77,6.5,Used,0.1,1/03/2019,4500,1576.38,1,ELEC10,10
119,16218,M,Chicago,40,16960,3/01/2019,GGOENEBJ079499,Nest Learning Thermostat 3rd Gen-USA - Stainless Steel,Nest-USA,1,153.71,6.5,Clicked,0.1,1/03/2019,4500,1576.38,1,ELEC10,10
120,16218,M,Chicago,40,16963,3/01/2019,GGOENEBQ078999,Nest Cam Outdoor Security Camera - USA,Nest-USA,2,122.77,6.5,Used,0.1,1/03/2019,4500,1576.38,1,ELEC10,10
121,16218,M,Chicago,40,16964,3/01/2019,GGOENEBB078899,Nest Cam Indoor Security Camera - USA,Nest-USA,1,122.77,6.5,Not Used,0.1,1/03/2019,4500,1576.38,1,ELEC10,10
122,16218,M,Chicago,40,16964,3/01/2019,GGOENEBJ079499,Nest Learning Thermostat 3rd Gen-USA - Stainless Steel,Nest-USA,1,153.71,6.5,Clicked,0.1,1/03/2019,4500,1576.38,1,ELEC10,10
123,16218,M,Chicago,40,16964,3/01/2019,GGOENEBQ078999,Nest Cam Outdoor Security Camera - USA,Nest-USA,1,122.77,6.5,Clicked,0.1,1/03/2019,4500,1576.38,1,ELEC10,10
124,16218,M,Chicago,40,16966,3/01/2019,GGOENEBQ079099,Nest Protect Smoke + CO White Battery Alarm-USA,Nest-USA,3,81.5,6.5,Clicked,0.1,1/03/2019,4500,1576.38,1,ELEC10,10
125,16218,M,Chicago,40,16969,3/01/2019,GGOENEBB078899,Nest Cam Indoor Security Camera - USA,Nest-USA,1,122.77,6.5,Used,0.1,1/03/2019,4500,1576.38,1,ELEC10,10
126,16218,M,Chicago,40,16969,3/01/2019,GGOENEBQ078999,Nest Cam Outdoor Security Camera - USA,Nest-USA,1,122.77,6.5,Clicked,0.1,1/03/2019,4500,1576.38,1,ELEC10,10
127,16218,M,Chicago,40,16971,3/01/2019,GGOENEBJ079499,Nest Learning Thermostat 3rd Gen-USA - Stainless Steel,Nest-USA,2,153.71,6.5,Not Used,0.1,1/03/2019,4500,1576.38,1,ELEC10,10
128,16218,M,Chicago,40,16971,3/01/2019,GGOENEBQ079099,Nest Protect Smoke + CO White Battery Alarm-USA,Nest-USA,3,81.5,6.5,Used,0.1,1/03/2019,4500,1576.38,1,ELEC10,10
129,16218,M,Chicago,40,16972,3/01/2019,GGOENEBJ079499,Nest Learning Thermostat 3rd Gen-USA - Stainless Steel,Nest-USA,2,153.71,6.5,Clicked,0.1,1/03/2019,4500,1576.38,1,ELEC10,10
130,16218,M,Chicago,40,16975,3/01/2019,GGOENEBB079299,Nest Protect Smoke + CO Black Battery Alarm-USA,Nest-USA,1,81.5,6.5,Used,0.1,1/03/2019,4500,1576.38,1,ELEC10,10
131,16218,M,Chicago,40,16975,3/01/2019,GGOENEBJ079499,Nest Learning Thermostat 3rd Gen-USA - Stainless Steel,Nest-USA,1,153.71,6.5,Used,0.1,1/03/2019,4500,1576.38,1,ELEC10,10
132,16218,M,Chicago,40,16976,3/01/2019,GGOENEBB078899,Nest Cam Indoor Security Camera - USA,Nest-USA,1,122.77,6.5,Clicked,0.1,1/03/2019,4500,1576.38,1,ELEC10,10
133,16218,M,Chicago,40,16976,3/01/2019,GGOENEBQ078999,Nest Cam Outdoor Security Camera - USA,Nest-USA,1,122.77,6.5,Not Used,0.1,1/03/2019,4500,1576.38,1,ELEC10,10
134,16218,M,Chicago,40,16980,3/01/2019,GGOENEBQ079099,Nest Protect Smoke + CO White Battery Alarm-USA,Nest-USA,3,81.5,6.5,Used,0.1,1/03/2019,4500,1576.38,1,ELEC10,10
135,17850,M,Chicago,12,16984,4/01/2019,GGOENEBJ079499,Nest Learning Thermostat 3rd Gen-USA - Stainless Steel,Nest-USA,1,153.71,6.5,Clicked,0.1,1/04/2019,4500,2928.55,1,ELEC10,10
136,17850,M,Chicago,12,16984,4/01/2019,GGOENEBQ079199,Nest Protect Smoke + CO White Wired Alarm-USA,Nest-USA,2,81.5,6.5,Clicked,0.1,1/04/2019,4500,2928.55,1,ELEC10,10
137,17850,M,Chicago,12,16987,4/01/2019,GGOENEBJ079499,Nest Learning Thermostat 3rd Gen-USA - Stainless Steel,Nest-USA,5,153.71,6.5,Not Used,0.1,1/04/2019,4500,2928.55,1,ELEC10,10
138,16218,M,Chicago,40,16982,4/01/2019,GGOENEBB078899,Nest Cam Indoor Security Camera - USA,Nest-USA,1,122.77,6.5,Used,0.1,1/04/2019,4500,2928.55,1,ELEC10,10
139,16218,M,Chicago,40,16982,4/01/2019,GGOENEBQ078999,Nest Cam Outdoor Security Camera - USA,Nest-USA,1,122.77,6.5,Clicked,0.1,1/04/2019,4500,2928.55,1,ELEC10,10
140,14307,F,California,28,16994,4/01/2019,GGOENEBJ079499,Nest Learning Thermostat 3rd Gen-USA - Stainless Steel,Nest-USA,1,153.71,6.5,Clicked,0.1,1/04/2019,4500,2928.55,1,ELEC10,10
141,14307,F,California,28,17000,4/01/2019,GGOENEBQ078999,Nest Cam Outdoor Security Camera - USA,Nest-USA,1,122.77,6.5,Clicked,0.1,1/04/2019,4500,2928.55,1,ELEC10,10
142,14307,F,California,28,17003,4/01/2019,GGOENEBJ079499,Nest Learning Thermostat 3rd Gen-USA - Stainless Steel,Nest-USA,1,153.71,6.5,Used,0.1,1/04/2019,4500,2928.55,1,ELEC10,10
143,14307,F,California,28,17004,4/01/2019,GGOENEBJ079499,Nest Learning Thermostat 3rd Gen-USA - Stainless Steel,Nest-USA,1,153.71,6.5,Clicked,0.1,1/04/2019,4500,2928.55,1,ELEC10,10
144,14307,F,California,28,17006,4/01/2019,GGOENEBJ079499,Nest Learning Thermostat 3rd Gen-USA - Stainless Steel,Nest-USA,1,153.71,6.5,Clicked,0.1,1/04/2019,4500,2928.55,1,ELEC10,10
145,14307,F,California,28,17009,4/01/2019,GGOENEBQ079099,Nest Protect Smoke + CO White Battery Alarm-USA,Nest-USA,1,81.5,6.5,Used,0.1,1/04/2019,4500,2928.55,1,ELEC10,10
146,14307,F,California,28,17009,4/01/2019,GGOENEBQ079199,Nest Protect Smoke + CO White Wired Alarm-USA,Nest-USA,1,81.5,6.5,Clicked,0.1,1/04/2019,4500,2928.55,1,ELEC10,10
147,14307,F,California,28,17010,4/01/2019,GGOENEBJ079499,Nest Learning Thermostat 3rd Gen-USA - Stainless Steel,Nest-USA,1,153.71,6.5,Clicked,0.1,1/04/2019,4500,2928.55,1,ELEC10,10
148,14307,F,California,28,17011,4/01/2019,GGOENEBJ079499,Nest Learning Thermostat 3rd Gen-USA - Stainless Steel,Nest-USA,1,153.71,6.5,Clicked,0.1,1/04/2019,4500,2928.55,1,ELEC10,10
149,14307,F,California,28,17014,4/01/2019,GGOENEBQ078999,Nest Cam Outdoor Security Camera - USA,Nest-USA,1,122.77,6.5,Clicked,0.1,1/04/2019,4500,2928.55,1,ELEC10,10
150,14307,F,California,28,17019,4/01/2019,GGOENEBB078899,Nest Cam Indoor Security Camera - USA,Nest-USA,1,122.77,6.5,Used,0.1,1/04/2019,4500,2928.55,1,ELEC10,10
151,14307,F,California,28,17020,4/01/2019,GGOENEBJ079499,Nest Learning Thermostat 3rd Gen-USA - Stainless Steel,Nest-USA,2,153.71,6.5,Clicked,0.1,1/04/2019,4500,2928.55,1,ELEC10,10
152,14307,F,California,28,17021,4/01/2019,GGOENEBJ079499,Nest Learning Thermostat 3rd Gen-USA - Stainless Steel,Nest-USA,1,153.71,6.5,Clicked,0.1,1/04/2019,4500,2928.55,1,ELEC10,10
153,14307,F,California,28,17022,4/01/2019,GGOENEBB078899,Nest Cam Indoor Security Camera - USA,Nest-USA,3,122.77,6.5,Clicked,0.1,1/04/2019,4500,2928.55,1,ELEC10,10
154,14307,F,California,28,17022,4/01/2019,GGOENEBJ079499,Nest Learning Thermostat 3rd Gen-USA - Stainless Steel,Nest-USA,2,153.71,6.5,Used,0.1,1/04/2019,4500,2928.55,1,ELEC10,10
155,14307,F,California,28,17022,4/01/2019,GGOENEBQ078999,Nest Cam Outdoor Security Camera - USA,Nest-USA,2,122.77,6.5,Clicked,0.1,1/04/2019,4500,2928.55,1,ELEC10,10
156,17908,F,California,15,17023,4/01/2019,GGOENEBJ079499,Nest Learning Thermostat 3rd Gen-USA - Stainless Steel,Nest-USA,1,153.71,6.5,Clicked,0.1,1/04/2019,4500,2928.55,1,ELEC10,10
157,17908,F,California,15,17024,4/01/2019,GGOENEBJ079499,Nest Learning Thermostat 3rd Gen-USA - Stainless Steel,Nest-USA,2,153.71,6.5,Clicked,0.1,1/04/2019,4500,2928.55,1,ELEC10,10
158,17908,F,California,15,17025,4/01/2019,GGOENEBQ078999,Nest Cam Outdoor Security Camera - USA,Nest-USA,1,122.77,6.5,Clicked,0.1,1/04/2019,4500,2928.55,1,ELEC10,10
159,17908,F,California,15,17026,4/01/2019,GGOENEBB078899,Nest Cam Indoor Security Camera - USA,Nest-USA,1,122.77,6.5,Clicked,0.1,1/04/2019,4500,2928.55,1,ELEC10,10
160,17908,F,California,15,17031,4/01/2019,GGOENEBB078899,Nest Cam Indoor Security Camera - USA,Nest-USA,1,122.77,6.5,Not Used,0.1,1/04/2019,4500,2928.55,1,ELEC10,10
161,17908,F,California,15,17034,4/01/2019,GGOENEBB078899,Nest Cam Indoor Security Camera - USA,Nest-USA,1,122.77,6.5,Clicked,0.1,1/04/2019,4500,2928.55,1,ELEC10,10
162,17908,F,California,15,17035,4/01/2019,GGOENEBQ078999,Nest Cam Outdoor Security Camera - USA,Nest-USA,3,122.77,6.5,Clicked,0.1,1/04/2019,4500,2928.55,1,ELEC10,10
163,17908,F,California,15,17038,4/01/2019,GGOENEBJ079499,Nest Learning Thermostat 3rd Gen-USA - Stainless Steel,Nest-USA,1,153.71,6.5,Used,0.1,1/04/2019,4500,2928.55,1,ELEC10,10
164,17908,F,California,15,17039,4/01/2019,GGOENEBB078899,Nest Cam Indoor Security Camera - USA,Nest-USA,1,122.77,6.5,Used,0.1,1/04/2019,4500,2928.55,1,ELEC10,10
165,17908,F,California,15,17040,4/01/2019,GGOENEBQ078999,Nest Cam Outdoor Security Camera - USA,Nest-USA,2,122.77,6.5,Not Used,0.1,1/04/2019,4500,2928.55,1,ELEC10,10
166,17908,F,California,15,17044,4/01/2019,GGOENEBJ079499,Nest Learning Thermostat 3rd Gen-USA - Stainless Steel,Nest-USA,2,153.71,6.5,Clicked,0.1,1/04/2019,4500,2928.55,1,ELEC10,10
167,17908,F,California,15,17046,4/01/2019,GGOENEBJ079499,Nest Learning Thermostat 3rd Gen-USA - Stainless Steel,Nest-USA,1,153.71,6.5,Clicked,0.1,1/04/2019,4500,2928.55,1,ELEC10,10
168,17908,F,California,15,17049,4/01/2019,GGOENEBQ078999,Nest Cam Outdoor Security Camera - USA,Nest-USA,1,122.77,6.5,Clicked,0.1,1/04/2019,4500,2928.55,1,ELEC10,10
169,17908,F,California,15,17054,4/01/2019,GGOENEBJ079499,Nest Learning Thermostat 3rd Gen-USA - Stainless Steel,Nest-USA,1,153.71,6.5,Clicked,0.1,1/04/2019,4500,2928.55,1,ELEC10,10
170,17908,F,California,15,17055,4/01/2019,GGOENEBQ078999,Nest Cam Outdoor Security Camera - USA,Nest-USA,2,122.77,6.5,Clicked,0.1,1/04/2019,4500,2928.55,1,ELEC10,10
171,17908,F,California,15,17056,4/01/2019,GGOENEBJ079499,Nest Learning Thermostat 3rd Gen-USA - Stainless Steel,Nest-USA,1,153.71,6.5,Clicked,0.1,1/04/2019,4500,2928.55,1,ELEC10,10
172,17908,F,California,15,17057,4/01/2019,GGOENEBJ079499,Nest Learning Thermostat 3rd Gen-USA - Stainless Steel,Nest-USA,2,153.71,6.5,Clicked,0.1,1/04/2019,4500,2928.55,1,ELEC10,10
173,17908,F,California,15,17057,4/01/2019,GGOENEBQ079199,Nest Protect Smoke + CO White Wired Alarm-USA,Nest-USA,1,81.5,6.5,Not Used,0.1,1/04/2019,4500,2928.55,1,ELEC10,10
174,17908,F,California,15,17060,4/01/2019,GGOENEBJ079499,Nest Learning Thermostat 3rd Gen-USA - Stainless Steel,Nest-USA,1,153.71,6.5,Used,0.1,1/04/2019,4500,2928.55,1,ELEC10,10
175,17908,F,California,15,17061,4/01/2019,GGOENEBQ078999,Nest Cam Outdoor Security Camera - USA,Nest-USA,1,122.77,6.5,Clicked,0.1,1/04/2019,4500,2928.55,1,ELEC10,10
176,17908,F,California,15,17063,4/01/2019,GGOENEBJ079499,Nest Learning Thermostat 3rd Gen-USA - Stainless Steel,Nest-USA,1,153.71,6.5,Clicked,0.1,1/04/2019,4500,2928.55,1,ELEC10,10
177,17908,F,California,15,17064,4/01/2019,GGOENEBJ079499,Nest Learning Thermostat 3rd Gen-USA - Stainless Steel,Nest-USA,1,153.71,6.5,Clicked,0.1,1/04/2019,4500,2928.55,1,ELEC10,10
178,17920,F,California,18,17066,4/01/2019,GGOENEBB078899,Nest Cam Indoor Security Camera - USA,Nest-USA,2,122.77,6.5,Used,0.1,1/04/2019,4500,2928.55,1,ELEC10,10
179,17920,F,California,18,17068,4/01/2019,GGOENEBB078899,Nest Cam Indoor Security Camera - USA,Nest-USA,1,122.77,6.5,Not Used,0.1,1/04/2019,4500,2928.55,1,ELEC10,10
180,17920,F,California,18,17068,4/01/2019,GGOENEBQ079099,Nest Protect Smoke + CO White Battery Alarm-USA,Nest-USA,1,81.5,6.5,Clicked,0.1,1/04/2019,4500,2928.55,1,ELEC10,10
181,17920,F,California,18,17072,4/01/2019,GGOENEBQ078999,Nest Cam Outdoor Security Camera - USA,Nest-USA,1,122.77,6.5,Not Used,0.1,1/04/2019,4500,2928.55,1,ELEC10,10
182,17920,F,California,18,17073,4/01/2019,GGOENEBJ079499,Nest Learning Thermostat 3rd Gen-USA - Stainless Steel,Nest-USA,1,153.71,6.5,Clicked,0.1,1/04/2019,4500,2928.55,1,ELEC10,10
183,17920,F,California,18,17074,4/01/2019,GGOENEBQ078999,Nest Cam Outdoor Security Camera - USA,Nest-USA,2,122.77,6.5,Used,0.1,1/04/2019,4500,2928.55,1,ELEC10,10
184,17920,F,California,18,17074,4/01/2019,GGOENEBQ079099,Nest Protect Smoke + CO White Battery Alarm-USA,Nest-USA,3,81.5,6.5,Clicked,0.1,1/04/2019,4500,2928.55,1,ELEC10,10
185,17920,F,California,18,17075,4/01/2019,GGOENEBJ079499,Nest Learning Thermostat 3rd Gen-USA - Stainless Steel,Nest-USA,1,153.71,6.5,Clicked,0.1,1/04/2019,4500,2928.55,1,ELEC10,10
186,17920,F,California,18,17076,4/01/2019,GGOENEBB078899,Nest Cam Indoor Security Camera - USA,Nest-USA,1,122.77,6.5,Clicked,0.1,1/04/2019,4500,2928.55,1,ELEC10,10
187,17920,F,California,18,17077,4/01/2019,GGOENEBJ079499,Nest Learning Thermostat 3rd Gen-USA - Stainless Steel,Nest-USA,1,153.71,6.5,Used,0.1,1/04/2019,4500,2928.55,1,ELEC10,10
188,17920,F,California,18,17082,4/01/2019,GGOENEBB078899,Nest Cam Indoor Security Camera - USA,Nest-USA,1,122.77,6.5,Used,0.1,1/04/2019,4500,2928.55,1,ELEC10,10
189,17920,F,California,18,17083,4/01/2019,GGOENEBB078899,Nest Cam Indoor Security Camera - USA,Nest-USA,1,205.3,6.5,Clicked,0.1,1/04/2019,4500,2928.55,1,ELEC10,10
190,17920,F,California,18,17084,4/01/2019,GGOENEBQ078999,Nest Cam Outdoor Security Camera - USA,Nest-USA,1,122.77,6.5,Not Used,0.1,1/04/2019,4500,2928.55,1,ELEC10,10
191,17920,F,California,18,17085,4/01/2019,GGOENEBQ078999,Nest Cam Outdoor Security Camera - USA,Nest-USA,2,122.77,6.5,Used,0.1,1/04/2019,4500,2928.55,1,ELEC10,10
192,17920,F,California,18,17087,4/01/2019,GGOENEBQ079099,Nest Protect Smoke + CO White Battery Alarm-USA,Nest-USA,1,81.5,6.5,Clicked,0.1,1/04/2019,4500,2928.55,1,ELEC10,10
193,17920,F,California,18,17088,4/01/2019,GGOENEBQ078999,Nest Cam Outdoor Security Camera - USA,Nest-USA,1,122.77,6.5,Clicked,0.1,1/04/2019,4500,2928.55,1,ELEC10,10
194,17920,F,California,18,17090,4/01/2019,GGOENEBQ078999,Nest Cam Outdoor Security Camera - USA,Nest-USA,2,122.77,6.5,Clicked,0.1,1/04/2019,4500,2928.55,1,ELEC10,10
195,17920,F,California,18,17094,4/01/2019,GGOENEBB078899,Nest Cam Indoor Security Camera - USA,Nest-USA,3,122.77,6.5,Clicked,0.1,1/04/2019,4500,2928.55,1,ELEC10,10
196,17920,F,California,18,17094,4/01/2019,GGOENEBQ078999,Nest Cam Outdoor Security Camera - USA,Nest-USA,2,122.77,6.5,Used,0.1,1/04/2019,4500,2928.55,1,ELEC10,10
197,17920,F,California,18,17095,4/01/2019,GGOENEBB078899,Nest Cam Indoor Security Camera - USA,Nest-USA,2,122.77,6.5,Clicked,0.1,1/04/2019,4500,2928.55,1,ELEC10,10
198,17920,F,California,18,17096,4/01/2019,GGOENEBQ078999,Nest Cam Outdoor Security Camera - USA,Nest-USA,1,122.77,6.5,Not Used,0.1,1/04/2019,4500,2928.55,1,ELEC10,10
199,17850,M,Chicago,12,18018,16/01/2019,GGOENEBQ078999,Nest Cam Outdoor Security Camera - USA,Nest-USA,4,122.77,6.5,Clicked,0.1,1/16/2019,3000,3727.61,1,ELEC10,10
200,17850,M,Chicago,12,18020,16/01/2019,GGOENEBB078899,Nest Cam Indoor Security Camera - USA,Nest-USA,1,122.77,6.5,Clicked,0.1,1/16/2019,3000,3727.61,1,ELEC10,10
201,13065,F,Chicago,32,17949,16/01/2019,GGOENEBJ079499,Nest Learning Thermostat 3rd Gen-USA - Stainless Steel,Nest-USA,1,153.71,6.5,Used,0.1,1/16/2019,3000,3727.61,1,ELEC10,10
202,14606,F,Chicago,33,17954,16/01/2019,GGOENEBJ079499,Nest Learning Thermostat 3rd Gen-USA - Stainless Steel,Nest-USA,1,153.71,6.5,Not Used,0.1,1/16/2019,3000,3727.61,1,ELEC10,10
203,14606,F,Chicago,33,17955,16/01/2019,GGOENEBJ079499,Nest Learning Thermostat 3rd Gen-USA - Stainless Steel,Nest-USA,1,153.71,6.5,Clicked,0.1,1/16/2019,3000,3727.61,1,ELEC10,10
204,14606,F,Chicago,33,17956,16/01/2019,GGOENEBQ079099,Nest Protect Smoke + CO White Battery Alarm-USA,Nest-USA,1,102.13,6.5,Not Used,0.1,1/16/2019,3000,3727.61,1,ELEC10,10
205,14606,F,Chicago,33,17957,16/01/2019,GGOENEBJ079499,Nest Learning Thermostat 3rd Gen-USA - Stainless Steel,Nest-USA,1,153.71,6.5,Used,0.1,1/16/2019,3000,3727.61,1,ELEC10,10
206,14606,F,Chicago,33,17959,16/01/2019,GGOENEBQ079099,Nest Protect Smoke + CO White Battery Alarm-USA,Nest-USA,1,102.13,6.5,Used,0.1,1/16/2019,3000,3727.61,1,ELEC10,10
207,14606,F,Chicago,33,17960,16/01/2019,GGOENEBJ079499,Nest Learning Thermostat 3rd Gen-USA - Stainless Steel,Nest-USA,1,153.71,6.5,Used,0.1,1/16/2019,3000,3727.61,1,ELEC10,10
208,14606,F,Chicago,33,17961,16/01/2019,GGOENEBB078899,Nest Cam Indoor Security Camera - USA,Nest-USA,4,122.77,6.5,Not Used,0.1,1/16/2019,3000,3727.61,1,ELEC10,10
209,14606,F,Chicago,33,17962,16/01/2019,GGOENEBQ079099,Nest Protect Smoke + CO White Battery Alarm-USA,Nest-USA,2,102.13,6.5,Clicked,0.1,1/16/2019,3000,3727.61,1,ELEC10,10
210,14606,F,Chicago,33,17965,16/01/2019,GGOENEBJ079499,Nest Learning Thermostat 3rd Gen-USA - Stainless Steel,Nest-USA,1,153.71,6.5,Used,0.1,1/16/2019,3000,3727.61,1,ELEC10,10
211,14606,F,Chicago,33,17967,16/01/2019,GGOENEBQ078999,Nest Cam Outdoor Security Camera - USA,Nest-USA,1,122.77,6.5,Used,0.1,1/16/2019,3000,3727.61,1,ELEC10,10
212,14606,F,Chicago,33,17970,16/01/2019,GGOENEBB078899,Nest Cam Indoor Security Camera - USA,Nest-USA,2,122.77,6.5,Clicked,0.1,1/16/2019,3000,3727.61,1,ELEC10,10
213,14606,F,Chicago,33,17971,16/01/2019,GGOENEBB078899,Nest Cam Indoor Security Camera - USA,Nest-USA,1,122.77,6.5,Used,0.1,1/16/2019,3000,3727.61,1,ELEC10,10
214,14606,F,Chicago,33,17973,16/01/2019,GGOENEBB078899,Nest Cam Indoor Security Camera - USA,Nest-USA,1,122.77,6.5,Used,0.1,1/16/2019,3000,3727.61,1,ELEC10,10
215,14606,F,Chicago,33,17974,16/01/2019,GGOENEBQ079199,Nest Protect Smoke + CO White Wired Alarm-USA,Nest-USA,1,81.5,6.5,Not Used,0.1,1/16/2019,3000,3727.61,1,ELEC10,10
216,14606,F,Chicago,33,17975,16/01/2019,GGOENEBJ079499,Nest Learning Thermostat 3rd Gen-USA - Stainless Steel,Nest-USA,1,153.71,6.5,Clicked,0.1,1/16/2019,3000,3727.61,1,ELEC10,10
217,14606,F,Chicago,33,17976,16/01/2019,GGOENEBB078899,Nest Cam Indoor Security Camera - USA,Nest-USA,1,122.77,6.5,Clicked,0.1,1/16/2019,3000,3727.61,1,ELEC10,10
218,14606,F,Chicago,33,17976,16/01/2019,GGOENEBJ079499,Nest Learning Thermostat 3rd Gen-USA - Stainless Steel,Nest-USA,1,153.71,6.5,Clicked,0.1,1/16/2019,3000,3727.61,1,ELEC10,10
219,14606,F,Chicago,33,17978,16/01/2019,GGOENEBJ079499,Nest Learning Thermostat 3rd Gen-USA - Stainless Steel,Nest-USA,1,153.71,6.5,Clicked,0.1,1/16/2019,3000,3727.61,1,ELEC10,10
220,14606,F,Chicago,33,17983,16/01/2019,GGOENEBQ079099,Nest Protect Smoke + CO White Battery Alarm-USA,Nest-USA,1,81.5,6.5,Used,0.1,1/16/2019,3000,3727.61,1,ELEC10,10
221,14606,F,Chicago,33,17983,16/01/2019,GGOENEBQ079199,Nest Protect Smoke + CO White Wired Alarm-USA,Nest-USA,5,81.5,6.5,Clicked,0.1,1/16/2019,3000,3727.61,1,ELEC10,10
222,14606,F,Chicago,33,17984,16/01/2019,GGOENEBB078899,Nest Cam Indoor Security Camera - USA,Nest-USA,3,122.77,6.5,Clicked,0.1,1/16/2019,3000,3727.61,1,ELEC10,10
223,13576,M,New York,23,17988,16/01/2019,GGOENEBJ079499,Nest Learning Thermostat 3rd Gen-USA - Stainless Steel,Nest-USA,2,153.71,6.5,Used,0.1,1/16/2019,3000,3727.61,1,ELEC10,10
224,13576,M,New York,23,17994,16/01/2019,GGOENEBJ079499,Nest Learning Thermostat 3rd Gen-USA - Stainless Steel,Nest-USA,1,153.71,6.5,Clicked,0.1,1/16/2019,3000,3727.61,1,ELEC10,10
225,13576,M,New York,23,17995,16/01/2019,GGOENEBQ078999,Nest Cam Outdoor Security Camera - USA,Nest-USA,1,122.77,6.5,Clicked,0.1,1/16/2019,3000,3727.61,1,ELEC10,10
226,18011,M,California,7,17996,16/01/2019,GGOENEBQ079099,Nest Protect Smoke + CO White Battery Alarm-USA,Nest-USA,1,81.5,6.5,Not Used,0.1,1/16/2019,3000,3727.61,1,ELEC10,10
227,18011,M,California,7,17996,16/01/2019,GGOENEBQ079199,Nest Protect Smoke + CO White Wired Alarm-USA,Nest-USA,1,81.5,6.5,Clicked,0.1,1/16/2019,3000,3727.61,1,ELEC10,10
228,18011,M,California,7,17998,16/01/2019,GGOENEBQ078999,Nest Cam Outdoor Security Camera - USA,Nest-USA,1,122.77,6.5,Clicked,0.1,1/16/2019,3000,3727.61,1,ELEC10,10
229,18011,M,California,7,18001,16/01/2019,GGOENEBQ078999,Nest Cam Outdoor Security Camera - USA,Nest-USA,1,122.77,6.5,Used,0.1,1/16/2019,3000,3727.61,1,ELEC10,10
230,18011,M,California,7,18002,16/01/2019,GGOENEBJ079499,Nest Learning Thermostat 3rd Gen-USA - Stainless Steel,Nest-USA,1,153.71,6.5,Clicked,0.1,1/16/2019,3000,3727.61,1,ELEC10,10
231,18011,M,California,7,18004,16/01/2019,GGOENEBQ079099,Nest Protect Smoke + CO White Battery Alarm-USA,Nest-USA,2,81.5,6.5,Not Used,0.1,1/16/2019,3000,3727.61,1,ELEC10,10
232,18011,M,California,7,18005,16/01/2019,GGOENEBJ079499,Nest Learning Thermostat 3rd Gen-USA - Stainless Steel,Nest-USA,1,153.71,6.5,Not Used,0.1,1/16/2019,3000,3727.61,1,ELEC10,10
233,18011,M,California,7,18006,16/01/2019,GGOENEBB078899,Nest Cam Indoor Security Camera - USA,Nest-USA,1,122.77,6.5,Not Used,0.1,1/16/2019,3000,3727.61,1,ELEC10,10
234,18011,M,California,7,18007,16/01/2019,GGOENEBJ079499,Nest Learning Thermostat 3rd Gen-USA - Stainless Steel,Nest-USA,1,153.71,6.5,Clicked,0.1,1/16/2019,3000,3727.61,1,ELEC10,10
235,18011,M,California,7,18008,16/01/2019,GGOENEBJ079499,Nest Learning Thermostat 3rd Gen-USA - Stainless Steel,Nest-USA,1,153.71,6.5,Used,0.1,1/16/2019,3000,3727.61,1,ELEC10,10
236,13090,M,New Jersey,4,18011,16/01/2019,GGOENEBB078899,Nest Cam Indoor Security Camera - USA,Nest-USA,2,122.77,6.5,Not Used,0.1,1/16/2019,3000,3727.61,1,ELEC10,10
237,13090,M,New Jersey,4,18012,16/01/2019,GGOENEBJ079499,Nest Learning Thermostat 3rd Gen-USA - Stainless Steel,Nest-USA,1,153.71,6.5,Clicked,0.1,1/16/2019,3000,3727.61,1,ELEC10,10
238,13090,M,New Jersey,4,18012,16/01/2019,GGOENEBQ079199,Nest Protect Smoke + CO White Wired Alarm-USA,Nest-USA,3,81.5,6.5,Used,0.1,1/16/2019,3000,3727.61,1,ELEC10,10
239,15694,F,New York,41,18013,16/01/2019,GGOENEBQ079199,Nest Protect Smoke + CO White Wired Alarm-USA,Nest-USA,2,81.5,6.5,Clicked,0.1,1/16/2019,3000,3727.61,1,ELEC10,10
240,15694,F,New York,41,18014,16/01/2019,GGOENEBJ079499,Nest Learning Thermostat 3rd Gen-USA - Stainless Steel,Nest-USA,1,153.71,6.5,Used,0.1,1/16/2019,3000,3727.61,1,ELEC10,10
241,15694,F,New York,41,18015,16/01/2019,GGOENEBB078899,Nest Cam Indoor Security Camera - USA,Nest-USA,1,122.77,6.5,Clicked,0.1,1/16/2019,3000,3727.61,1,ELEC10,10
242,15694,F,New York,41,18015,16/01/2019,GGOENEBJ079499,Nest Learning Thermostat 3rd Gen-USA - Stainless Steel,Nest-USA,1,153.71,6.5,Used,0.1,1/16/2019,3000,3727.61,1,ELEC10,10
243,15694,F,New York,41,18015,16/01/2019,GGOENEBQ078999,Nest Cam Outdoor Security Camera - USA,Nest-USA,1,122.77,6.5,Used,0.1,1/16/2019,3000,3727.61,1,ELEC10,10
244,17850,M,Chicago,12,18021,17/01/2019,GGOENEBJ079499,Nest Learning Thermostat 3rd Gen-USA - Stainless Steel,Nest-USA,1,153.71,6.5,Clicked,0.1,1/17/2019,3000,417.73,1,ELEC10,10
245,17850,M,Chicago,12,18022,17/01/2019,GGOENEBQ079099,Nest Protect Smoke + CO White Battery Alarm-USA,Nest-USA,2,81.5,6.5,Clicked,0.1,1/17/2019,3000,417.73,1,ELEC10,10
246,17850,M,Chicago,12,18023,17/01/2019,GGOENEBJ079499,Nest Learning Thermostat 3rd Gen-USA - Stainless Steel,Nest-USA,1,153.71,6.5,Clicked,0.1,1/17/2019,3000,417.73,1,ELEC10,10
247,17850,M,Chicago,12,18025,17/01/2019,GGOENEBQ079099,Nest Protect Smoke + CO White Battery Alarm-USA,Nest-USA,2,81.5,6.5,Clicked,0.1,1/17/2019,3000,417.73,1,ELEC10,10
248,17850,M,Chicago,12,18027,17/01/2019,GGOENEBB078899,Nest Cam Indoor Security Camera - USA,Nest-USA,1,122.77,6.5,Clicked,0.1,1/17/2019,3000,417.73,1,ELEC10,10
249,17850,M,Chicago,12,18029,17/01/2019,GGOENEBQ078999,Nest Cam Outdoor Security Camera - USA,Nest-USA,4,122.77,6.5,Used,0.1,1/17/2019,3000,417.73,1,ELEC10,10
250,17850,M,Chicago,12,18030,17/01/2019,GGOENEBQ078999,Nest Cam Outdoor Security Camera - USA,Nest-USA,1,122.77,6.5,Clicked,0.1,1/17/2019,3000,417.73,1,ELEC10,10
251,17850,M,Chicago,12,18034,17/01/2019,GGOENEBB078899,Nest Cam Indoor Security Camera - USA,Nest-USA,1,122.77,6.5,Used,0.1,1/17/2019,3000,417.73,1,ELEC10,10
252,17850,M,Chicago,12,18035,17/01/2019,GGOENEBJ079499,Nest Learning Thermostat 3rd Gen-USA - Stainless Steel,Nest-USA,2,153.71,6.5,Clicked,0.1,1/17/2019,3000,417.73,1,ELEC10,10
253,17850,M,Chicago,12,18036,17/01/2019,GGOENEBB078899,Nest Cam Indoor Security Camera - USA,Nest-USA,1,122.77,6.5,Clicked,0.1,1/17/2019,3000,417.73,1,ELEC10,10
254,17850,M,Chicago,12,18073,17/01/2019,GGOENEBB078899,Nest Cam Indoor Security Camera - USA,Nest-USA,1,122.77,6.5,Used,0.1,1/17/2019,3000,417.73,1,ELEC10,10
255,17850,M,Chicago,12,18074,17/01/2019,GGOENEBJ079499,Nest Learning Thermostat 3rd Gen-USA - Stainless Steel,Nest-USA,1,153.71,6.5,Clicked,0.1,1/17/2019,3000,417.73,1,ELEC10,10
256,17850,M,Chicago,12,18076,17/01/2019,GGOENEBB078899,Nest Cam Indoor Security Camera - USA,Nest-USA,1,122.77,6.5,Not Used,0.1,1/17/2019,3000,417.73,1,ELEC10,10
257,17850,M,Chicago,12,18076,17/01/2019,GGOENEBQ078999,Nest Cam Outdoor Security Camera - USA,Nest-USA,1,122.77,6.5,Used,0.1,1/17/2019,3000,417.73,1,ELEC10,10
258,17850,M,Chicago,12,18077,17/01/2019,GGOENEBJ079499,Nest Learning Thermostat 3rd Gen-USA - Stainless Steel,Nest-USA,1,153.71,6.5,Clicked,0.1,1/17/2019,3000,417.73,1,ELEC10,10
259,17850,M,Chicago,12,18077,17/01/2019,GGOENEBQ078999,Nest Cam Outdoor Security Camera - USA,Nest-USA,1,122.77,6.5,Used,0.1,1/17/2019,3000,417.73,1,ELEC10,10
260,17850,M,Chicago,12,18078,17/01/2019,GGOENEBJ079499,Nest Learning Thermostat 3rd Gen-USA - Stainless Steel,Nest-USA,1,153.71,6.5,Clicked,0.1,1/17/2019,3000,417.73,1,ELEC10,10
261,17850,M,Chicago,12,18080,17/01/2019,GGOENEBQ078999,Nest Cam Outdoor Security Camera - USA,Nest-USA,1,122.77,6.5,Used,0.1,1/17/2019,3000,417.73,1,ELEC10,10
262,17850,M,Chicago,12,18095,17/01/2019,GGOENEBJ079499,Nest Learning Thermostat 3rd Gen-USA - Stainless Steel,Nest-USA,1,153.71,6.5,Used,0.1,1/17/2019,3000,417.73,1,ELEC10,10
263,17850,M,Chicago,12,18096,17/01/2019,GGOENEBJ079499,Nest Learning Thermostat 3rd Gen-USA - Stainless Steel,Nest-USA,1,153.71,6.5,Used,0.1,1/17/2019,3000,417.73,1,ELEC10,10
264,17850,M,Chicago,12,18097,17/01/2019,GGOENEBB078899,Nest Cam Indoor Security Camera - USA,Nest-USA,3,122.77,6.5,Used,0.1,1/17/2019,3000,417.73,1,ELEC10,10
265,17850,M,Chicago,12,18097,17/01/2019,GGOENEBQ078999,Nest Cam Outdoor Security Camera - USA,Nest-USA,2,122.77,6.5,Clicked,0.1,1/17/2019,3000,417.73,1,ELEC10,10
266,17850,M,Chicago,12,18101,17/01/2019,GGOENEBJ079499,Nest Learning Thermostat 3rd Gen-USA - Stainless Steel,Nest-USA,1,153.71,6.5,Used,0.1,1/17/2019,3000,417.73,1,ELEC10,10
267,14741,M,California,32,18037,17/01/2019,GGOENEBB078899,Nest Cam Indoor Security Camera - USA,Nest-USA,3,122.77,6.5,Clicked,0.1,1/17/2019,3000,417.73,1,ELEC10,10
268,14741,M,California,32,18037,17/01/2019,GGOENEBQ079099,Nest Protect Smoke + CO White Battery Alarm-USA,Nest-USA,1,81.5,6.5,Clicked,0.1,1/17/2019,3000,417.73,1,ELEC10,10
269,14741,M,California,32,18039,17/01/2019,GGOENEBJ079499,Nest Learning Thermostat 3rd Gen-USA - Stainless Steel,Nest-USA,1,153.71,6.5,Clicked,0.1,1/17/2019,3000,417.73,1,ELEC10,10
270,13715,M,California,23,18047,17/01/2019,GGOENEBJ079499,Nest Learning Thermostat 3rd Gen-USA - Stainless Steel,Nest-USA,1,153.71,6.5,Used,0.1,1/17/2019,3000,417.73,1,ELEC10,10
271,13715,M,California,23,18048,17/01/2019,GGOENEBB078899,Nest Cam Indoor Security Camera - USA,Nest-USA,1,122.77,6.5,Clicked,0.1,1/17/2019,3000,417.73,1,ELEC10,10
272,13715,M,California,23,18049,17/01/2019,GGOENEBQ079199,Nest Protect Smoke + CO White Wired Alarm-USA,Nest-USA,3,81.5,6.5,Used,0.1,1/17/2019,3000,417.73,1,ELEC10,10
273,13715,M,California,23,18050,17/01/2019,GGOENEBJ079499,Nest Learning Thermostat 3rd Gen-USA - Stainless Steel,Nest-USA,1,153.71,6.5,Clicked,0.1,1/17/2019,3000,417.73,1,ELEC10,10
274,13715,M,California,23,18051,17/01/2019,GGOENEBQ078999,Nest Cam Outdoor Security Camera - USA,Nest-USA,1,122.77,6.5,Clicked,0.1,1/17/2019,3000,417.73,1,ELEC10,10
275,13715,M,California,23,18052,17/01/2019,GGOENEBJ079499,Nest Learning Thermostat 3rd Gen-USA - Stainless Steel,Nest-USA,1,153.71,6.5,Clicked,0.1,1/17/2019,3000,417.73,1,ELEC10,10
276,13715,M,California,23,18052,17/01/2019,GGOENEBQ078999,Nest Cam Outdoor Security Camera - USA,Nest-USA,1,122.77,6.5,Not Used,0.1,1/17/2019,3000,417.73,1,ELEC10,10
277,13715,M,California,23,18053,17/01/2019,GGOENEBJ079499,Nest Learning Thermostat 3rd Gen-USA - Stainless Steel,Nest-USA,1,153.71,6.5,Not Used,0.1,1/17/2019,3000,417.73,1,ELEC10,10
278,13715,M,California,23,18054,17/01/2019,GGOENEBJ079499,Nest Learning Thermostat 3rd Gen-USA - Stainless Steel,Nest-USA,1,153.71,6.5,Clicked,0.1,1/17/2019,3000,417.73,1,ELEC10,10
279,13715,M,California,23,18055,17/01/2019,GGOENEBJ079499,Nest Learning Thermostat 3rd Gen-USA - Stainless Steel,Nest-USA,1,153.71,6.5,Not Used,0.1,1/17/2019,3000,417.73,1,ELEC10,10
280,17732,F,Chicago,8,18057,17/01/2019,GGOENEBJ079499,Nest Learning Thermostat 3rd Gen-USA - Stainless Steel,Nest-USA,1,153.71,6.5,Clicked,0.1,1/17/2019,3000,417.73,1,ELEC10,10
281,17732,F,Chicago,8,18059,17/01/2019,GGOENEBJ079499,Nest Learning Thermostat 3rd Gen-USA - Stainless Steel,Nest-USA,1,153.71,6.5,Used,0.1,1/17/2019,3000,417.73,1,ELEC10,10
282,17732,F,Chicago,8,18060,17/01/2019,GGOENEBQ079099,Nest Protect Smoke + CO White Battery Alarm-USA,Nest-USA,4,81.5,6.5,Used,0.1,1/17/2019,3000,417.73,1,ELEC10,10
283,17732,F,Chicago,8,18062,17/01/2019,GGOENEBQ078999,Nest Cam Outdoor Security Camera - USA,Nest-USA,1,122.77,6.5,Not Used,0.1,1/17/2019,3000,417.73,1,ELEC10,10
284,17732,F,Chicago,8,18063,17/01/2019,GGOENEBB078899,Nest Cam Indoor Security Camera - USA,Nest-USA,1,122.77,6.5,Clicked,0.1,1/17/2019,3000,417.73,1,ELEC10,10
285,17732,F,Chicago,8,18067,17/01/2019,GGOENEBQ078999,Nest Cam Outdoor Security Camera - USA,Nest-USA,2,122.77,6.5,Clicked,0.1,1/17/2019,3000,417.73,1,ELEC10,10
286,17732,F,Chicago,8,18069,17/01/2019,GGOENEBB078899,Nest Cam Indoor Security Camera - USA,Nest-USA,1,122.77,6.5,Used,0.1,1/17/2019,3000,417.73,1,ELEC10,10
287,17732,F,Chicago,8,18069,17/01/2019,GGOENEBJ079499,Nest Learning Thermostat 3rd Gen-USA - Stainless Steel,Nest-USA,1,153.71,6.5,Used,0.1,1/17/2019,3000,417.73,1,ELEC10,10
288,12855,F,New York,33,18069,17/01/2019,GGOENEBQ078999,Nest Cam Outdoor Security Camera - USA,Nest-USA,2,122.77,6.5,Used,0.1,1/17/2019,3000,417.73,1,ELEC10,10
289,12855,F,New York,33,18070,17/01/2019,GGOENEBQ078999,Nest Cam Outdoor Security Camera - USA,Nest-USA,4,122.77,6.5,Clicked,0.1,1/17/2019,3000,417.73,1,ELEC10,10
290,12855,F,New York,33,18071,17/01/2019,GGOENEBJ079499,Nest Learning Thermostat 3rd Gen-USA - Stainless Steel,Nest-USA,1,153.71,6.5,Used,0.1,1/17/2019,3000,417.73,1,ELEC10,10
291,15752,F,New York,27,18090,17/01/2019,GGOENEBB078899,Nest Cam Indoor Security Camera - USA,Nest-USA,1,122.77,6.5,Clicked,0.1,1/17/2019,3000,417.73,1,ELEC10,10
292,15752,F,New York,27,18090,17/01/2019,GGOENEBQ078999,Nest Cam Outdoor Security Camera - USA,Nest-USA,3,122.77,6.5,Used,0.1,1/17/2019,3000,417.73,1,ELEC10,10
293,15752,F,New York,27,18091,17/01/2019,GGOENEBB078899,Nest Cam Indoor Security Camera - USA,Nest-USA,2,122.77,6.5,Clicked,0.1,1/17/2019,3000,417.73,1,ELEC10,10
294,15752,F,New York,27,18092,17/01/2019,GGOENEBB078899,Nest Cam Indoor Security Camera - USA,Nest-USA,1,122.77,6.5,Clicked,0.1,1/17/2019,3000,417.73,1,ELEC10,10
295,15752,F,New York,27,18092,17/01/2019,GGOENEBQ078999,Nest Cam Outdoor Security Camera - USA,Nest-USA,1,122.77,6.5,Used,0.1,1/17/2019,3000,417.73,1,ELEC10,10
296,15752,F,New York,27,18093,17/01/2019,GGOENEBJ079499,Nest Learning Thermostat 3rd Gen-USA - Stainless Steel,Nest-USA,1,153.71,6.5,Clicked,0.1,1/17/2019,3000,417.73,1,ELEC10,10
297,17855,F,New York,13,18103,17/01/2019,GGOENEBJ079499,Nest Learning Thermostat 3rd Gen-USA - Stainless Steel,Nest-USA,1,153.71,6.5,Clicked,0.1,1/17/2019,3000,417.73,1,ELEC10,10
298,17855,F,New York,13,18104,17/01/2019,GGOENEBB078899,Nest Cam Indoor Security Camera - USA,Nest-USA,1,122.77,6.5,Not Used,0.1,1/17/2019,3000,417.73,1,ELEC10,10
